{
  "generated_at_utc": "2026-05-26T03:59:36.131Z",
  "total_requests": 50,
  "successful_requests": 50,
  "failed_requests": 0,
  "scenarios": {
    "latency_critical_text": {
      "requests": 10,
      "successes": 10,
      "failures": 0,
      "selected_regions": {
        "gcp-us-central1": 10
      },
      "selected_providers": {
        "gcp": 10
      },
      "mean_observed_latency_ms": 192.54250999947544,
      "p50_observed_latency_ms": 183.34699999832083,
      "p95_observed_latency_ms": 283.8420350046363,
      "p99_observed_latency_ms": 283.95136699895374,
      "mean_worker_latency_ms": 116.25899919999938,
      "mean_estimated_carbon_gco2": 0.041600000000000005,
      "total_estimated_carbon_gco2": 0.41600000000000004,
      "mean_estimated_cost_usd": 2.0000000000000004e-07,
      "total_estimated_cost_usd": 2.0000000000000003e-06,
      "observed_slo_violation_rate": 0.0,
      "cold_start_rate": 0.3
    },
    "delay_tolerant_batch_text": {
      "requests": 10,
      "successes": 10,
      "failures": 0,
      "selected_regions": {
        "gcp-us-central1": 10
      },
      "selected_providers": {
        "gcp": 10
      },
      "mean_observed_latency_ms": 167.03562999900896,
      "p50_observed_latency_ms": 125.38910000876058,
      "p95_observed_latency_ms": 283.41138500982197,
      "p99_observed_latency_ms": 284.9157170127728,
      "mean_worker_latency_ms": 104.27199840005414,
      "mean_estimated_carbon_gco2": 0.041600000000000005,
      "total_estimated_carbon_gco2": 0.41600000000000004,
      "mean_estimated_cost_usd": 2.0000000000000004e-07,
      "total_estimated_cost_usd": 2.0000000000000003e-06,
      "observed_slo_violation_rate": 0.0,
      "cold_start_rate": 0.2
    },
    "strict_ml_inference": {
      "requests": 10,
      "successes": 10,
      "failures": 0,
      "selected_regions": {
        "gcp-us-central1": 10
      },
      "selected_providers": {
        "gcp": 10
      },
      "mean_observed_latency_ms": 158.56957999640144,
      "p50_observed_latency_ms": 125.86190000001807,
      "p95_observed_latency_ms": 263.79290000331815,
      "p99_observed_latency_ms": 284.43602001905674,
      "mean_worker_latency_ms": 92.45012970009157,
      "mean_estimated_carbon_gco2": 0.0624,
      "total_estimated_carbon_gco2": 0.624,
      "mean_estimated_cost_usd": 2.0000000000000004e-07,
      "total_estimated_cost_usd": 2.0000000000000003e-06,
      "observed_slo_violation_rate": 0.3,
      "cold_start_rate": 0.1
    },
    "balanced_image_processing": {
      "requests": 10,
      "successes": 10,
      "failures": 0,
      "selected_regions": {
        "gcp-us-central1": 10
      },
      "selected_providers": {
        "gcp": 10
      },
      "mean_observed_latency_ms": 179.98200000147335,
      "p50_observed_latency_ms": 125.10889999975916,
      "p95_observed_latency_ms": 330.9564099967245,
      "p99_observed_latency_ms": 389.2664019874064,
      "mean_worker_latency_ms": 116.48297149995415,
      "mean_estimated_carbon_gco2": 0.078,
      "total_estimated_carbon_gco2": 0.78,
      "mean_estimated_cost_usd": 2.0000000000000004e-07,
      "total_estimated_cost_usd": 2.0000000000000003e-06,
      "observed_slo_violation_rate": 0.0,
      "cold_start_rate": 0.3
    },
    "stream_aggregate_delay_tolerant": {
      "requests": 10,
      "successes": 10,
      "failures": 0,
      "selected_regions": {
        "gcp-us-central1": 10
      },
      "selected_providers": {
        "gcp": 10
      },
      "mean_observed_latency_ms": 141.01367999101058,
      "p50_observed_latency_ms": 123.33564998698421,
      "p95_observed_latency_ms": 230.59341498883427,
      "p99_observed_latency_ms": 274.43180298665544,
      "mean_worker_latency_ms": 80.29424350006593,
      "mean_estimated_carbon_gco2": 0.0312,
      "total_estimated_carbon_gco2": 0.312,
      "mean_estimated_cost_usd": 2.0000000000000004e-07,
      "total_estimated_cost_usd": 2.0000000000000003e-06,
      "observed_slo_violation_rate": 0.0,
      "cold_start_rate": 0.0
    }
  }
}