{
  "generated_at_utc": "2026-05-26T04:18:37.878Z",
  "total_requests": 50,
  "successful_requests": 50,
  "failed_requests": 0,
  "scenarios": {
    "latency_critical_text": {
      "requests": 10,
      "successes": 10,
      "failures": 0,
      "selected_regions": {
        "gcp-us-central1": 10
      },
      "selected_providers": {
        "gcp": 10
      },
      "mean_observed_latency_ms": 143.91717999824323,
      "p50_observed_latency_ms": 126.52264998177998,
      "p95_observed_latency_ms": 227.67765500320814,
      "p99_observed_latency_ms": 245.35009100887692,
      "mean_worker_latency_ms": 92.26260830009778,
      "mean_estimated_carbon_gco2": 0.041600000000000005,
      "total_estimated_carbon_gco2": 0.41600000000000004,
      "mean_estimated_cost_usd": 2.0000000000000004e-07,
      "total_estimated_cost_usd": 2.0000000000000003e-06,
      "observed_slo_violation_rate": 0.0,
      "cold_start_rate": 0.1
    },
    "delay_tolerant_batch_text": {
      "requests": 10,
      "successes": 10,
      "failures": 0,
      "selected_regions": {
        "gcp-us-central1": 10
      },
      "selected_providers": {
        "gcp": 10
      },
      "mean_observed_latency_ms": 127.23506000183988,
      "p50_observed_latency_ms": 118.62430001201574,
      "p95_observed_latency_ms": 159.0179300124873,
      "p99_observed_latency_ms": 165.71126600640127,
      "mean_worker_latency_ms": 80.24256249991595,
      "mean_estimated_carbon_gco2": 0.041600000000000005,
      "total_estimated_carbon_gco2": 0.41600000000000004,
      "mean_estimated_cost_usd": 2.0000000000000004e-07,
      "total_estimated_cost_usd": 2.0000000000000003e-06,
      "observed_slo_violation_rate": 0.0,
      "cold_start_rate": 0.0
    },
    "strict_ml_inference": {
      "requests": 10,
      "successes": 10,
      "failures": 0,
      "selected_regions": {
        "gcp-us-central1": 10
      },
      "selected_providers": {
        "gcp": 10
      },
      "mean_observed_latency_ms": 160.66736999200657,
      "p50_observed_latency_ms": 144.31684999726713,
      "p95_observed_latency_ms": 272.7793849931913,
      "p99_observed_latency_ms": 284.5732369957841,
      "mean_worker_latency_ms": 92.35990610004592,
      "mean_estimated_carbon_gco2": 0.0624,
      "total_estimated_carbon_gco2": 0.624,
      "mean_estimated_cost_usd": 2.0000000000000004e-07,
      "total_estimated_cost_usd": 2.0000000000000003e-06,
      "observed_slo_violation_rate": 0.2,
      "cold_start_rate": 0.1
    },
    "balanced_image_processing": {
      "requests": 10,
      "successes": 10,
      "failures": 0,
      "selected_regions": {
        "gcp-us-central1": 10
      },
      "selected_providers": {
        "gcp": 10
      },
      "mean_observed_latency_ms": 140.3984100004891,
      "p50_observed_latency_ms": 128.22544999653473,
      "p95_observed_latency_ms": 214.16702500137023,
      "p99_observed_latency_ms": 255.003805005108,
      "mean_worker_latency_ms": 92.41282390012202,
      "mean_estimated_carbon_gco2": 0.078,
      "total_estimated_carbon_gco2": 0.78,
      "mean_estimated_cost_usd": 2.0000000000000004e-07,
      "total_estimated_cost_usd": 2.0000000000000003e-06,
      "observed_slo_violation_rate": 0.0,
      "cold_start_rate": 0.1
    },
    "stream_aggregate_delay_tolerant": {
      "requests": 10,
      "successes": 10,
      "failures": 0,
      "selected_regions": {
        "gcp-us-central1": 10
      },
      "selected_providers": {
        "gcp": 10
      },
      "mean_observed_latency_ms": 165.4236599977594,
      "p50_observed_latency_ms": 145.37615000153892,
      "p95_observed_latency_ms": 285.36047500238044,
      "p99_observed_latency_ms": 315.2968149961089,
      "mean_worker_latency_ms": 92.24000820004221,
      "mean_estimated_carbon_gco2": 0.0312,
      "total_estimated_carbon_gco2": 0.312,
      "mean_estimated_cost_usd": 2.0000000000000004e-07,
      "total_estimated_cost_usd": 2.0000000000000003e-06,
      "observed_slo_violation_rate": 0.0,
      "cold_start_rate": 0.1
    }
  }
}